Workbook

Sheet YOLO Datasets
A1: Verified Roboflow Universe & Kaggle Fruit Defect Datasets (Supervised YOLO)
A2: Curated bounding-box & classification datasets for Apple, Guava, Mango, Orange, and Pomegranate quality grading & pathology detection
A4: ID | B4: Fruit Category | C4: Dataset / Workspace Name | D4: Source Platform | E4: Verified URL | F4: Pre-Marked Bounding Box Classes | G4: Base Images | H4: Augmented / Total Images | I4: Annotation & Export Format | J4: Status
A5: RF-01 | B5: Apple | C5: Apple Surface Defects (AppleSort) | D5: Roboflow Universe | E5: https://universe.roboflow.com/applesort-esgll/apple_surface_defects | F5: bruising, crack, insect_bite, rotten, rusetting, objects | G5: 191 | H5: 191 | I5: YOLOv8 / YOLOv11 TXT | J5: Verified Active
A6: RF-02 | B6: Apple | C6: Apple Fruit Disease Detection | D6: Roboflow Universe | E6: https://universe.roboflow.com/fruit-disease-detection-nrrei/apple-fruit-disease-detection-zei6u | F6: HEALTHY, BLOTCH, ROT, SCAB | G6: 434 | H6: 434 | I6: YOLOv8 / YOLOv11 TXT | J6: Verified Active
A7: RF-03 | B7: Apple | C7: Apple Defect Detection (pkekm) | D7: Roboflow Universe | E7: https://universe.roboflow.com/appledefectsdetection/apple-defect-detection-pkekm/dataset/1 | F7: Surface defects & healthy apples | G7: 664 | H7: 1595 | I7: YOLOv8 / YOLOv11 TXT | J7: Verified Active
A8: RF-04 | B8: Guava | C8: Detection Guava Disease (chisilia) | D8: Roboflow Universe | E8: https://universe.roboflow.com/chisilia/detection-guava-disease | F8: Phytopthora (rot), Scab (scars), Styler and Root (end-rot) | G8: 907 | H8: 2369 | I8: YOLOv8 / YOLOv11 TXT | J8: Verified Active
A9: RF-05 | B9: Guava | C9: Guava Fruit Hub (guava-h8gxt) | D9: Roboflow Universe | E9: https://universe.roboflow.com/guava-h8gxt | F9: Guava_healthy, Guava_Fruit_fly (punctures/rot), Guava Disease | G9: 1750 | H9: 1750 | I9: YOLOv8 / YOLOv11 TXT | J9: Verified Active
A10: RF-06 | B10: Guava | C10: Guava Disease Model (chisilia v5) | D10: Roboflow Universe | E10: https://universe.roboflow.com/chisilia/guava-disease-5fdvy/dataset/5 | F10: guava-penyakit-buah-jambu (scab, rot, surface lesions) | G10: 1457 | H10: 1457 | I10: YOLOv8 / YOLOv11 TXT | J10: Verified Active
A11: RF-07 | B11: Mango | C11: Mango Defect Detection (mintras) | D11: Roboflow Universe | E11: https://universe.roboflow.com/mintras-workspace/mango-defect-detection-pc4gs | F11: green, ripe, deformed, rotten, skin damage | G11: 178 | H11: 490 | I11: YOLOv11 TXT | J11: Verified Active
A12: RF-08 | B12: Mango | C12: Mango Defect Detection (Villanueva) | D12: Roboflow Universe | E12: https://universe.roboflow.com/kaycee-kaye-y-villanueva-mzmks/mango-defect-detection | F12: Black Spot (rot), Brown Spot (bruising), Mango Scab (scars) | G12: 900 | H12: 900 | I12: YOLOv8 / YOLOv11 TXT | J12: Verified Active
A13: RF-09 | B13: Mango | C13: MangoGrading (MangoClass) | D13: Roboflow Universe | E13: https://universe.roboflow.com/mangoclass/mangograding | F13: Grade A (clean), Grade B (scars), Grade C (rot/deformed) | G13: 56 | H13: 56 | I13: YOLOv8 / YOLOv11 TXT | J13: Verified Active
A14: RF-10 | B14: Orange | C14: Orange Disease Detection (CAPSTONE) | D14: Roboflow Universe | E14: https://universe.roboflow.com/capstone-2az9h/orange-disease-detection-qunki | F14: Fresh, Blackspot (fungal rot), Canker (corky peel scars) | G14: 420 | H14: 420 | I14: YOLOv8 / YOLOv11 TXT | J14: Verified Active
A15: RF-11 | B15: Orange | C15: Orange Defect Dataset (Mydetect) | D15: Roboflow Universe | E15: https://universe.roboflow.com/mydetect-o2wvw/orange-defect | F15: Fresh Oranges, Rotten Oranges | G15: 350 | H15: 350 | I15: YOLOv8 / YOLOv11 TXT | J15: Verified Active
A16: RF-12 | B16: Pomegranate | C16: Pomegranate Disease Detection (Fizza) | D16: Roboflow Universe | E16: https://universe.roboflow.com/fizza/pomegranate-disease-detection-t7rg0 | F16: Anthracnose (black rot), Bacterial_Blight (cracks/lesions), Cercospora (spots) | G16: 1200 | H16: 1200 | I16: YOLOv8 / YOLOv11 TXT | J16: Verified Active
... A18: RF-14 | B18: Pomegranate | C18: Pomegranate Fresh vs. Rotten (Bin) | D18: Roboflow Universe | E18: https://universe.roboflow.com/bin-wnwyu/pomegranate-hhj6l | F18: Freshpomegranate, Rottenpomegranate | G18: 310 | H18: 310 | I18: YOLOv8 / YOLOv11 TXT | J18: Verified Active
A19: Total Pre-Marked Roboflow YOLO Volume | G19: =SUM(G5:G18) | H19: =SUM(H5:H18) | I19: =COUNTA(A5:A18)&" Datasets"

Sheet Unified Schema & Summary
A1: Unified Supervised YOLO Class Mapping & Fruit Volume Summary
A2: Standardized 4-class hierarchy for merging multi-fruit Roboflow datasets into a single data.yaml configuration
A4: Fruit Category | B4: Dataset Count | C4: Base Images | D4: Augmented / Max Images
A5: Apple | B5: =COUNTIF('YOLO Datasets'!B$5:B$18, "Apple") | C5: =SUMIF('YOLO Datasets'!B$5:B$18, "Apple", 'YOLO Datasets'!G$5:G$18) | D5: =SUMIF('YOLO Datasets'!B$5:B$18, "Apple", 'YOLO Datasets'!H$5:H$18)
A6: Guava | B6: =COUNTIF('YOLO Datasets'!B$5:B$18, "Guava") | C6: =SUMIF('YOLO Datasets'!B$5:B$18, "Guava", 'YOLO Datasets'!G$5:G$18) | D6: =SUMIF('YOLO Datasets'!B$5:B$18, "Guava", 'YOLO Datasets'!H$5:H$18)
A7: Mango | B7: =COUNTIF('YOLO Datasets'!B$5:B$18, "Mango") | C7: =SUMIF('YOLO Datasets'!B$5:B$18, "Mango", 'YOLO Datasets'!G$5:G$18) | D7: =SUMIF('YOLO Datasets'!B$5:B$18, "Mango", 'YOLO Datasets'!H$5:H$18)
A8: Orange | B8: =COUNTIF('YOLO Datasets'!B$5:B$18, "Orange") | C8: =SUMIF('YOLO Datasets'!B$5:B$18, "Orange", 'YOLO Datasets'!G$5:G$18) | D8: =SUMIF('YOLO Datasets'!B$5:B$18, "Orange", 'YOLO Datasets'!H$5:H$18)
A9: Pomegranate | B9: =COUNTIF('YOLO Datasets'!B$5:B$18, "Pomegranate") | C9: =SUMIF('YOLO Datasets'!B$5:B$18, "Pomegranate", 'YOLO Datasets'!G$5:G$18) | D9: =SUMIF('YOLO Datasets'!B$5:B$18, "Pomegranate", 'YOLO Datasets'!H$5:H$18)
A10: Total | B10: =SUM(B5:B9) | C10: =SUM(C5:C9) | D10: =SUM(D5:D9)
A12: Unified YOLO Class ID Mapping Matrix (data.yaml)
A13: Unified Class ID | B13: Unified Class Name | C13: Apple Source Labels | D13: Guava Source Labels | E13: Mango Source Labels | F13: Orange Source Labels | G13: Pomegranate Source Labels
A14: 0 | B14: Healthy | C14: HEALTHY | D14: Guava_healthy | E14: Grade A, green, ripe | F14: Fresh, Fresh Oranges | G14: Freshpomegranate
A15: 1 | B15: Bruise_or_Scratch | C15: bruising, crack, insect_bite | D15: Surface abrasion | E15: Brown Spot, skin damage, Grade B | F15: Minor peel rub | G15: Surface crack
A16: 2 | B16: Scab_or_Canker | C16: SCAB, BLOTCH, rusetting | D16: Scab | E16: Mango Scab | F16: Canker | G16: Cercospora
A17: 3 | B17: Rot_or_Blight | C17: rotten, ROT | D17: Phytopthora, Styler and Root, Guava_Fruit_fly | E17: Black Spot, rotten, deformed, Grade C | F17: Blackspot, Rotten Oranges | G17: Anthracnose, Bacterial_Blight, Rottenpomegranate

Sheet Kaggle Supplemental
A1: Verified Kaggle Fruit Quality & Pathology Datasets (Classification & Conveyor Ground Truth)
A3: ID | B3: Target Fruits | C3: Dataset Name | D3: Verified Kaggle URL | E3: Annotated Classes / Scope | F3: Status
A4: KG-01 | B4: Apple, Guava, Mango, Pomegranate | C4: Fruits Dataset for Fruit Disease Classification | D4: https://www.kaggle.com/datasets/ateebnoone/fruits-dataset-for-fruit-disease-classification | E4: Apple rot/scab, Guava anthracnose/fruit fly, Mango anthracnose/rot, Pomegranate blight | F4: Verified Active
A5: KG-02 | B5: Apple, Guava, Mango, Pomegranate | C5: Fruits Diseases Classification Dataset | D5: https://www.kaggle.com/datasets/amdatas/fruits-diseases-classification-dataset | E5: 17 pathology classes across Guava, Apple, Mango, and Pomegranate | F5: Verified Active
A6: KG-03 | B6: Apple, Banana, Orange | C6: Fruits Fresh and Rotten for Classification | D6: https://www.kaggle.com/datasets/sriramr/fruits-fresh-and-rotten-for-classification | E6: Fresh vs. Rotten benchmark for Apple, Banana, Orange | F6: Verified Active
A7: KG-04 | B7: Multi-Fruit (6 Classes) | C7: Fresh and Stale Images of Fruits and Vegetables | D7: https://www.kaggle.com/datasets/raghavrpotdar/fresh-and-stale-images-of-fruits-and-vegetables | E7: Fresh vs. Stale images including Apple, Banana, Orange | F7: Verified Active
A8: KG-05 | B8: Pomegranate | C8: Pomegranate Fruit Diseases Dataset | D8: https://www.kaggle.com/datasets/sujaykapadnis/pomegranate-fruit-diseases-dataset | E8: Surface lesions, bacterial blight, and fruit rot | F8: Verified Active
A9: KG-06 | B9: Guava | C9: Guava Dataset (Pathologies) | D9: https://www.kaggle.com/datasets/noamaanabdulazeem/guava-dataset | E9: Red rust, scab, and styler rot | F9: Verified Active
A10: KG-07 | B10: Orange | C10: Orange Fruit Dataset | D10: https://www.kaggle.com/datasets/sgandhi2003/orange-fruit-dataset | E10: Healthy vs. defective citrus sorting | F10: Verified Active
A11: KG-08 | B11: All 5 Fruits (Conveyor) | C11: Fruits 360 Benchmark Dataset | D11: https://www.kaggle.com/datasets/moltean/fruits | E11: Conveyor turntable images across Apple, Guava, Mango, Orange, Pomegranate | F11: Verified Active
